File Name,State (Historical),Created By (sys)
809600.iam,Released Production,RydSim
802439.ipt,Released Production,HN
802776.ipt,Released Production,HN
807129.ipt,Released Production,HN
807218.ipt,Released Production,HN
807846.ipt,Released Production,HN
807847.ipt,Released Production,RK
808076.ipt,Released Production,RydSim
808367.ipt,Released Production,HN
808368.ipt,Released Production,HN
808376.iam,Released Production,HN
802741.ipt,Released Production,HN
802935.ipt,Released Production,HN
802949.ipt,Released Production,HN
807262.ipt,Released Production,HN
808377.ipt,Released Production,HN
808378.ipt,Released Production,HN
808379.ipt,Released Production,HN
811135.ipt,Released Production,HN
811136.ipt,Released Production,HN
808435.ipt,Released Production,FiSv
808676.iam,Released Production,HN
808411.iam,Released Production,HN
803407.ipt,Released Production,HN
803409.ipt,Released Production,HN
808413.ipt,Released Production,HN
808677.ipt,Released Production,HN
808678.ipt,Released Production,HN
808799.iam,Released Production,HN
804087.iam,Released Production,HN
822405.ipt,Released Production,TN
822406.ipt,Released Production,TN
822483.ipt,Released Production,TN
806603.ipt,Released Production,HN
802572.ipt,Released Production,HN
802816.ipt,Released Production,HN
802852.ipt,Released Production,HN
802866.ipt,Released Production,HN
804595.ipt,Released Production,HN
808295.iam,Released Production,HN
812074.iam,Released,Admin
812073.ipt,Released,Admin
812075.iam,Released,Admin
812072.ipt,Released,Admin
812077.iam,Released,Admin
808559.ipt,Released Production,TN
812076.ipt,Released Production,TN
812078.ipt,Released,Admin
812079.ipt,Released,Admin
812080.ipt,Released Production,TN
812081.ipt,Released,Admin
812082.ipt,Released Production,TN
808801.iam,Released Production,HN
807254.ipt,Released Production,HN
808365.ipt,Released Production,HN
808803.ipt,Released Production,TN
808802.iam,Released Production,HN
802370.ipt,Released Production,HN
808632.ipt,Released Production,HN
808803.ipt,Released Production,TN
809565.ipt,Released Production,HN
809566.ipt,Released Production,HN
812071.iam,Released Production,HN
808561.iam,Released Production,HN
808562.ipt,Released,Admin
808981.iam,Released Production,HN
802117.ipt,Released Production,HN
802647.ipt,Released Production,HN
802685.ipt,Released Production,HN
802693.ipt,Released Production,TN
802793.ipt,Released Production,HN
808982.ipt,Released,Admin
809441.iam,Released Production,HN
809440.iam,Released Production,TN
802779.ipt,Released Production,HN
809439.ipt,Released Production,TN
809445.ipt,Released Production,RydSim
809473.iam,Released Production,RydSim
802360.ipt,Released Production,HN
802801.ipt,Released Production,HN
805379.ipt,Released Production,HN
812588.iam,Released Production,HN
812586.ipt,Released Production,TN
812587.ipt,Released Production,Admin
805379.ipt,Released Production,HN
812588.iam,Released Production,HN
812586.ipt,Released Production,TN
812587.ipt,Released Production,Admin
807073.ipt,Released Production,Jobuser
808659.ipt,Released Production,HN
REF1532.ipt,Released,Admin
REF1533.ipt,Released,Admin
REF1534.ipt,Released,Admin
802098.ipt,Released Production,HN
802360.ipt,Released Production,HN
802803.ipt,Released Production,HN
802804.ipt,Released Production,HN
802838.iam,Released Production,HN
802047.ipt,Released Production,HN
802048.ipt,Released Production,HN
802843.ipt,Released Production,FiSv
802844.ipt,Released Production,HN
802855.ipt,Released Production,HN
805194.ipt,Released Production,HN
805210.ipt,Released Production,HN
805246.ipt,Released Production,LL
805320.ipt,Released Production,HN
805361.ipt,Released Production,HN
805368.ipt,Released Production,HN
805406.iam,Released Production,HN
802360.ipt,Released Production,HN
802801.ipt,Released Production,HN
807022.iam,Released Production,HN
807023.ipt,Released,Admin
807077.ipt,Released,Admin
807078.ipt,Released,Admin
807024.ipt,Released Production,HN
807034.ipt,Released Production,Jobuser
807038.iam,Released Production,HN
807031.ipt,Released Production,Jobuser
807032.ipt,Released Production,Jobuser
807062.ipt,Released Production,HN
807063.ipt,Released Production,HN
807068.iam,Released Production,HN
805166.ipt,Released Production,LO
807067.ipt,Released Production,Jobuser
807368.iam,Released Production,Jobuser
REF0083.ipt,Released Production,Jobuser
REF1299.ipt,Released Production,HN
807369.iam,Released Production,Jobuser
REF0083.ipt,Released Production,Jobuser
REF1299.ipt,Released Production,HN
823504.ipt,Released Production,HN
807072.iam,Released Production,HN
802022.ipt,Released Production,HN
805166.ipt,Released Production,LO
807067.ipt,Released Production,Jobuser
807368.iam,Released Production,Jobuser
REF0083.ipt,Released Production,Jobuser
REF1299.ipt,Released Production,HN
807369.iam,Released Production,Jobuser
REF0083.ipt,Released Production,Jobuser
REF1299.ipt,Released Production,HN
807075.ipt,Released Production,HN
807081.ipt,Released Production,HN
807228.ipt,Released Production,Jobuser
807266.iam,Released Production,HN
802053.ipt,Released Production,HN
802054.ipt,Released Production,HN
807270.iam,Released Production,HN
802827.ipt,Released Production,Admin
805287.ipt,Released Production,HN
805288.ipt,Released Production,HN
807269.ipt,Released Production,HN
807271.ipt,Released Production,Jobuser
813155.iam,Released Production,Admin
813155-01.ipt,Released Production,TN
813155-02.ipt,Released Production,Admin
808067.iam,Released Production,HN
808065.ipt,Released Production,HN
808066.ipt,Released Production,HN
813411.ipt,Released Production,HN
813412.ipt,Released Production,HN
813413.ipt,Released Production,HN
813423.ipt,Released Production,HN
823033.iam,Released Production,HN
823030.iam,Released Production,HN
823031.ipt,Released Production,HN
823032.ipt,Released Production,HN
823034.ipt,Released Production,HN
823035.ipt,Released Production,HN
823043.iam,Released Production,HN
813415.ipt,Released Production,HN
823044.ipt,Released Production,HN
823045.ipt,Released Production,HN
823046.iam,Released Production,HN
813184.ipt,Released Production,HN
823047.ipt,Released Production,HN
823268.iam,Released Production,TN
802360.ipt,Released Production,HN
802801.ipt,Released Production,HN
823637.iam,Released Production,LL
811179.ipt,Released Production,RK
823042.ipt,Released Production,HN
823285.ipt,Released Production,DP
823636.ipt,Released Production,HN
829831.ipt,Released Production,HN
809477.iam,Released Production,HN
802299.ipt,Released Production,HN
802385-01.ipt,Released Production,TN
802391.ipt,Released Production,HN
802392.ipt,Released Production,HN
802820-01.ipt,Released Production,TN
802833.ipt,Released Production,HN
802834.ipt,Released Production,HN
802846.ipt,Released Production,HN
805344.ipt,Released Production,HN
807079.ipt,Released Production,HN
807086.ipt,Released Production,HN
807087.ipt,Released Production,HN
807088.ipt,Released Production,HN
807089.ipt,Released Production,HN
807090.ipt,Released Production,HN
807092.ipt,Released Production,HN
807093.ipt,Released Production,HN
807125.ipt,Released Production,HN
807216.ipt,Released Production,HN
807217.ipt,Released Production,HN
807265.ipt,Released Production,HN
809570.iam,Released Production,HN
809571.iam,Released Production,HN
802117.ipt,Released Production,HN
802646.ipt,Released Production,TN
802647.ipt,Released Production,HN
802685.ipt,Released Production,HN
802793.ipt,Released Production,HN
809572.ipt,Released,Admin
809593.ipt,Released Production,HN
811029.ipt,Released Production,HN
811031.ipt,Released Production,HN
811033.iam,Released Production,LO
811118.iam,Released Production,HN
811129.ipt,Released Production,HN
811119.iam,Released Production,HN
811131.ipt,Released Production,HN
811134.ipt,Released Production,HN
811337.ipt,Released Production,RydSim
811340.ipt,Released Production,RydSim
811445.iam,Released Production,HN
807161.ipt,Released Production,HN
809554.ipt,Released Production,HN
809555.ipt,Released Production,HN
809569.ipt,Released Production,HN
809580.ipt,Released Production,HN
809581.ipt,Released Production,HN
809582.ipt,Released Production,HN
811126.ipt,Released Production,HN
811193.ipt,Released Production,HN
811424.ipt,Released Production,HN
811425.ipt,Released Production,HN
811442.iam,Released Production,HN
809449.ipt,Released Production,HN
809536.ipt,Released Production,HN
809537.ipt,Released Production,HN
809541.iam,Released Production,HN
809542.ipt,Released,Admin
809544.ipt,Released,Admin
809552.ipt,Released,Admin
809546.ipt,Released Production,HN
809547.ipt,Released Production,HN
809549.iam,Released Production,HN
809550.ipt,Released,Admin
809551.ipt,Released,Admin
809552.ipt,Released,Admin
811440.iam,Released Production,HN
809359.iam,Released Production,HN
809360.iam,Released,Admin
809361.ipt,Released,Admin
809362.ipt,Released,Admin
809365.iam,Released,Admin
809361.ipt,Released,Admin
809362.ipt,Released,Admin
809446.ipt,Released,Admin
809447.iam,Released Production,HN
809448.ipt,Released,Admin
809508.ipt,Released,Admin
811180.iam,Released Production,HN
811181.ipt,Released,Admin
811182.ipt,Released,Admin
811419.ipt,Released Production,HN
812059.ipt,Released Production,HN
812273.ipt,Released Production,HN
812275.iam,Released Production,HN
812276.ipt,Released Production,HN
812277.ipt,Released Production,HN
812278.ipt,Released Production,HN
812279.ipt,Released Production,HN
813898.ipt,Released Production,HN
813899.ipt,Released Production,HN
811446.ipt,Released Production,HN
812286.ipt,Released Production,HN
812304.iam,Released Production,DP
812305.iam,Released Production,HN
812272.ipt,Released Production,HN
812306.ipt,Released Production,HN
812307.ipt,Released Production,HN
812308.ipt,Released Production,HN
812309.ipt,Released Production,HN
812311.ipt,Released Production,HN
812315.ipt,Released Production,HN
812316.ipt,Released Production,HN
812319.ipt,Released Production,HN
812324.iam,Released Production,HN
812326.ipt,Released Production,HN
812327.ipt,Released Production,HN
812330.ipt,Released Production,HN
812325.iam,Released Production,HN
812328.ipt,Released Production,HN
812329.ipt,Released Production,HN
812330.ipt,Released Production,HN
812332.iam,Released Production,HN
812333.ipt,Released Production,HN
812334.ipt,Released Production,HN
812342.ipt,Released Production,HN
812353.ipt,Released Production,HN
812367.ipt,Released Production,HN
822855.iam,Released Production,Admin
812314.ipt,Released Production,HN
812341.ipt,Released Production,HN
812738.iam,Released Production,HN
812338.ipt,Released Production,HN
812339.ipt,Released Production,HN
812340.ipt,Released Production,HN
812478.ipt,Released Production,HN
812737.ipt,Released Production,HN
812931.ipt,Released Production,HN
812935.ipt,Released Production,HN
812936.ipt,Released Production,HN
812937.ipt,Released Production,HN
812938.ipt,Released Production,HN
812939.ipt,Released Production,HN
822854.ipt,Released Production,HN
822861.ipt,Released Production,HN
822862.ipt,Released Production,HN
822934.ipt,Released Production,HN
822955.ipt,Released Production,HN
822956.ipt,Released Production,HN
812343.ipt,Released Production,HN
812344.ipt,Released Production,HN
812345.ipt,Released Production,HN
812346.iam,Released Production,HN
812348.ipt,Released,Admin
812347.iam,Released Production,HN
812349.ipt,Released,Admin
812410.ipt,Released Production,HN
812411.ipt,Released Production,HN
812619.ipt,Released Production,HN
812923.iam,Released Production,Admin
812924.iam,Released Production,HN
812925.ipt,Released,Admin
812926.ipt,Released Production,HN
812927.ipt,Released Production,HN
812928.ipt,Released Production,HN
811498.iam,Released Production,HN
802827.ipt,Released Production,Admin
805286.ipt,Released Production,HN
805287.ipt,Released Production,HN
805288.ipt,Released Production,HN
813155.iam,Released Production,Admin
813155-01.ipt,Released Production,TN
813155-02.ipt,Released Production,Admin
REF1532.ipt,Released,Admin
REF1533.ipt,Released,Admin
REF1534.ipt,Released,Admin
802022.ipt,Released Production,HN
803603.ipt,Released Production,HN
805024.iam,Released Production,JEP
805025.ipt,Released Production,RK
805320.ipt,Released Production,HN
805361.ipt,Released Production,HN
805398.iam,Released Production,HN
807022.iam,Released Production,HN
807023.ipt,Released,Admin
807077.ipt,Released,Admin
807078.ipt,Released,Admin
807024.ipt,Released Production,HN
807030.iam,Released Production,HN
807031.ipt,Released Production,Jobuser
807032.ipt,Released Production,Jobuser
807033.ipt,Released Production,HN
807034.ipt,Released Production,Jobuser
807272.ipt,Released Production,HN
807278.ipt,Released Production,HN
807644.ipt,Released Production,HN
807842.ipt,Released Production,HN
807848.ipt,Released Production,TN
808375.iam,Released Production,HN
808383.ipt,Released Production,HN
808384.ipt,Released Production,HN
808391.iam,Released Production,HN
808393.ipt,Released,Admin
808557.ipt,Released Production,HN
808743.iam,Released Production,Admin
808558.ipt,Released Production,HN
808745.ipt,Released Production,HN
808746.ipt,Released Production,HN
812922.ipt,Released Production,Admin
808861.ipt,Released Production,HN
809161.ipt,Released Production,HN
811019.ipt,Released Production,HN
811020.ipt,Released,Jobuser
811024.ipt,Released Production,Jobuser
811025.ipt,Released Production,HN
811026.ipt,Released Production,HN
811027.ipt,Released Production,HN
811142.ipt,Released Production,HN
811146.ipt,Released Production,HN
812135.ipt,Released Production,JEP
812558.iam,Released Production,HN
812463.iam,Released Production,HN
812453.ipt,Released Production,HN
812455.ipt,Released Production,HN
812464.ipt,Released Production,HN
812482.ipt,Released Production,HN
812488.ipt,Released Production,HN
812485.ipt,Released Production,HN
813186.iam,Released Production,HN
813187.ipt,Released Production,DB-IT
813429.ipt,Released Production,HN
813430.ipt,Released Production,HN
813402.iam,Released Production,HN
813403.ipt,Released Production,HN
813404.ipt,Released Production,HN
813405.ipt,Released Production,HN
813406.ipt,Released Production,HN
813408.iam,Released Production,HN
813420.ipt,Released Production,HN
813421.ipt,Released Production,HN
813422.ipt,Released Production,HN
823001.iam,Released Production,HN
813409.ipt,Released Production,LO
813419.ipt,Released,Admin
823055.ipt,Released Production,HN
813423.ipt,Released Production,HN
813432.ipt,Released Production,HN
813437.ipt,Released Production,HN
813439.iam,Released Production,HN
807016.ipt,Released Production,HN
807025.iam,Released Production,HN
807026.ipt,Released Production,HN
807740.ipt,Released Production,HN
808556.iam,Released Production,HN
807028.ipt,Released Production,HN
813407.ipt,Released Production,HN
822759.ipt,Released Production,TN
823048.iam,Released Production,HN
813415.ipt,Released Production,HN
823047.ipt,Released Production,HN
823125.iam,Released Production,HN
823030.iam,Released Production,HN
823031.ipt,Released Production,HN
823032.ipt,Released Production,HN
823126.ipt,Released Production,HN
823451.ipt,Released Production,HN
824089.iam,Released Production,TN
823496.ipt,Released Production,Admin
824086.ipt,Released Production,Jobuser
824091.ipt,Released Production,HN
825602.iam,Released Production,RK
808726.ipt,Released Production,HN
809146.iam,Released Production,HN
809163.ipt,Released Production,HN
809468.ipt,Released Production,HN
809937.ipt,Released Production,HN
811023.ipt,Released Production,HN
825601.iam,Released Production,RK
807255.ipt,Released Production,HN
807489.ipt,Released Production,HN
808725.ipt,Released Production,HN
809151.iam,Released Production,SparePartUpdate
808629.ipt,Released Production,HN
809045.ipt,Released Production,HN
809046.ipt,Released Production,HN
809152.ipt,Released Production,HN
809467.ipt,Released Production,HN
813183.iam,Released Production,HN
809045.ipt,Released Production,HN
809152.ipt,Released Production,HN
813176.ipt,Released Production,HN
813177.ipt,Released Production,HN
813427.ipt,Released Production,HN
813817.ipt,Released Production,HN
813822.ipt,Released Production,RK
825324.ipt,Released Production,RK
825327.ipt,Released Production,RK
825603.iam,Released Production,RK
807255.ipt,Released Production,HN
807489.ipt,Released Production,HN
809151.iam,Released Production,SparePartUpdate
808629.ipt,Released Production,HN
809045.ipt,Released Production,HN
809046.ipt,Released Production,HN
809152.ipt,Released Production,HN
813424.ipt,Released Production,HN
813817.ipt,Released Production,HN
825325.ipt,Released Production,RK
825326.ipt,Released Production,RK
830121.iam,Released Production,HN
801263.ipt,Released Production,HN
805048.iam,Released Production,TN
805034.ipt,Released Production,HN
805039.ipt,Released Production,RK
805040.ipt,Released Production,RK
805066.ipt,Released Production,HN
805412.ipt,Released Production,Jobuser
807800.iam,Released Production,HN
805064.ipt,Released Production,HN
805365.iam,Released Production,HN
805031.ipt,Released Production,HN
805255.ipt,Released Production,HN
805367.ipt,Released Production,HN
807798.ipt,Released Production,HN
807801.iam,Released Production,HN
805064.ipt,Released Production,HN
807796.ipt,Released Production,HN
813723.iam,Released Production,HN
805031.ipt,Released Production,HN
805255.ipt,Released Production,HN
805367.ipt,Released Production,HN
827294.iam,Released Production,HN
801293.ipt,Released Production,HN
805148.ipt,Released Production,HN
827298.iam,Released Production,HN
801303.ipt,Released Production,HN
807026.ipt,Released Production,HN
822458.ipt,Released Production,HN
822464.ipt,Released Production,RydSim
822471.ipt,Released Production,RydSim
822474.ipt,Released Production,RydSim
822473.ipt,Released Production,RydSim
826911.iam,Released Production,HN
829806.ipt,Released Production,HN
829924.iam,Released Production,HN
826880.ipt,Released Production,HN
826937.ipt,Released Production,HN
827300.iam,Released Production,HN
826905.ipt,Released Production,HN
827301.ipt,Released Production,HN
827302.ipt,Released Production,HN
827306.iam,Released Production,HN
827304.ipt,Released Production,HN
827317.ipt,Released Production,HN
827319.iam,Released Production,HN
827320.ipt,Released Production,HN
829806.ipt,Released Production,HN
829879.ipt,Released Production,HN
827322.ipt,Released Production,HN
827866.iam,Released Production,HN
801295.ipt,Released Production,Admin
827862.ipt,Released Production,Admin
829906.ipt,Released Production,HN
827295.iam,Released Production,HN
801294.ipt,Released Production,HN
805148.ipt,Released Production,HN
827299.iam,Released Production,HN
801303.ipt,Released Production,HN
807026.ipt,Released Production,HN
822458.ipt,Released Production,HN
822464.ipt,Released Production,RydSim
822471.ipt,Released Production,RydSim
822473.ipt,Released Production,RydSim
826911.iam,Released Production,HN
829806.ipt,Released Production,HN
829924.iam,Released Production,HN
826880.ipt,Released Production,HN
826937.ipt,Released Production,HN
827300.iam,Released Production,HN
826905.ipt,Released Production,HN
827301.ipt,Released Production,HN
827302.ipt,Released Production,HN
827306.iam,Released Production,HN
827304.ipt,Released Production,HN
827318.ipt,Released Production,HN
827319.iam,Released Production,HN
827320.ipt,Released Production,HN
829806.ipt,Released Production,HN
829879.ipt,Released Production,HN
827323.ipt,Released Production,HN
827865.iam,Released Production,HN
801295.ipt,Released Production,Admin
827863.ipt,Released Production,Admin
827862.ipt,Released Production,Admin
829874.ipt,Released Production,HN
812065.iam,Released Production,FiSv
808432.ipt,Released Production,HN
808605.ipt,Released Production,HN
809147.ipt,Released Production,HN
811209.ipt,Released Production,HN
811783.ipt,Released Production,HN
828894.iam,Released Production,FiSv
812465.ipt,Released Production,HN
812466.ipt,Released Production,RydSim
812555.iam,Released Production,HN
802842.ipt,Released Production,RK
807203.ipt,Released Production,RK
807207.ipt,Released Production,RK
812556.ipt,Released Production,HN
812929.ipt,Released Production,HN
813182.iam,Released Production,HN
802863.ipt,Released Production,HN
807044.ipt,Released Production,HN
809399.ipt,Released Production,HN
809402.ipt,Released Production,TN
809517.iam,Released Production,HN
802669.iam,Released Production,RydSim
802008.ipt,Released Production,TN
802667.iam,Released Production,RydSim
802656.ipt,Released Production,TN
802666.ipt,Released Production,RydSim
802668.iam,Released Production,RydSim
802656.ipt,Released Production,TN
802666.ipt,Released Production,RydSim
809506.iam,Released Production,HN
809507.ipt,Released,Admin
809508.ipt,Released,Admin
809509.iam,Released Production,HN
809500.iam,Released Production,HN
809501.ipt,Released,Admin
809502.ipt,Released,Admin
809503.ipt,Released,Admin
809504.ipt,Released,Admin
809505.ipt,Released,Admin
811233.ipt,Released Production,Admin
809574.ipt,Released Production,HN
811235.ipt,Released Production,HN
812446.ipt,Released Production,HN
813179.ipt,Released Production,HN
813180.ipt,Released Production,HN
813181.iam,Released Production,HN
807047.ipt,Released,Admin
807161.ipt,Released Production,HN
813178.ipt,Released,Admin
822185.iam,Released Production,TN
809258.ipt,Released Production,RydSim
822184.iam,Released,Admin
802779.ipt,Released Production,HN
822183.ipt,Released,Admin
962474.ipt,Released Production,HN
962477-04.ipt,Released Production,HN
823091.iam,Released Production,HN
808638.ipt,Released Production,HN
